id,Company,TypeName
0,Apple,Ultrabook
1,Apple,Ultrabook
2,HP,Notebook
3,Apple,Ultrabook
4,Apple,Ultrabook
5,Acer,Notebook
6,Apple,Ultrabook
7,Apple,Ultrabook
8,Asus,Ultrabook
9,Acer,Ultrabook
10,HP,Notebook
11,HP,Notebook
12,Apple,Ultrabook
13,Dell,Notebook
14,Apple,Ultrabook
15,Apple,Ultrabook
16,Dell,Notebook
17,Apple,Ultrabook
18,Lenovo,Notebook
19,Dell,Ultrabook
20,Asus,Netbook
21,Lenovo,Gaming
22,HP,Notebook
23,Dell,2 in 1 Convertible
24,HP,Ultrabook
25,Dell,Notebook
26,Apple,Ultrabook
27,Dell,Notebook
28,Dell,Ultrabook
29,HP,Notebook
30,Chuwi,Notebook
31,Asus,Notebook
32,HP,Notebook
33,Dell,Ultrabook
34,Apple,Ultrabook
35,Lenovo,Notebook
36,Acer,Notebook
37,Dell,Notebook
38,HP,Notebook
39,HP,Notebook
40,Asus,Notebook
41,Dell,Gaming
42,Asus,Notebook
43,Acer,Notebook
44,Dell,2 in 1 Convertible
45,Apple,Ultrabook
46,Lenovo,Notebook
47,Asus,Gaming
48,Dell,Notebook
49,Asus,Notebook
50,Lenovo,2 in 1 Convertible
51,Acer,Notebook
52,HP,Notebook
53,HP,Notebook
54,Acer,Notebook
55,Dell,Notebook
56,HP,Notebook
57,Asus,Notebook
58,MSI,Gaming
59,Asus,Notebook
60,Dell,Notebook
61,Dell,Ultrabook
62,Lenovo,Notebook
63,Asus,Notebook
64,HP,Notebook
65,Asus,Ultrabook
66,HP,Notebook
67,HP,Notebook
68,Lenovo,Notebook
69,Asus,Gaming
70,Microsoft,Ultrabook
71,Dell,Ultrabook
72,Dell,Notebook
73,MSI,Gaming
74,Acer,Notebook
75,Asus,Gaming
76,Lenovo,Notebook
77,Dell,Notebook
78,Acer,Notebook
79,HP,Notebook
80,Dell,Ultrabook
81,Apple,Ultrabook
82,HP,Notebook
83,Lenovo,Notebook
84,Acer,Notebook
85,Dell,Gaming
86,HP,Ultrabook
87,HP,Notebook
88,Asus,Gaming
89,Dell,Ultrabook
90,Asus,Gaming
91,Acer,Notebook
92,HP,Notebook
93,Dell,Gaming
94,Asus,Ultrabook
95,Acer,2 in 1 Convertible
96,Dell,Notebook
97,Dell,Notebook
98,Asus,Notebook
99,HP,Gaming
100,HP,Notebook
101,HP,Notebook
102,Dell,Notebook
103,HP,Ultrabook
104,Microsoft,Ultrabook
105,HP,Notebook
106,Lenovo,Notebook
107,Asus,Ultrabook
108,MSI,Gaming
109,Lenovo,Notebook
110,Asus,Ultrabook
111,Dell,Ultrabook
112,Lenovo,2 in 1 Convertible
113,HP,Notebook
114,Dell,Ultrabook
115,HP,2 in 1 Convertible
116,HP,Notebook
117,Dell,Notebook
118,Asus,Notebook
119,Asus,Notebook
120,Acer,Notebook
121,MSI,Gaming
122,Lenovo,Notebook
123,HP,Notebook
124,Acer,Notebook
125,HP,Notebook
126,HP,Notebook
127,Asus,Notebook
128,Dell,Notebook
129,HP,Notebook
130,Dell,Notebook
131,Dell,Notebook
132,Acer,Ultrabook
133,Acer,Notebook
134,HP,Notebook
135,HP,Notebook
136,Lenovo,Notebook
137,Asus,Gaming
138,Lenovo,Notebook
139,HP,Notebook
140,Acer,Notebook
141,Lenovo,Notebook
142,Lenovo,Gaming
143,Toshiba,Notebook
144,HP,Notebook
145,Asus,Ultrabook
146,HP,Ultrabook
147,Asus,Notebook
148,MSI,Gaming
149,Acer,Notebook
150,Dell,Gaming
151,Dell,Gaming
152,Lenovo,Notebook
153,MSI,Gaming
154,HP,Ultrabook
155,HP,Notebook
156,Lenovo,2 in 1 Convertible
157,Asus,2 in 1 Convertible
158,Dell,2 in 1 Convertible
159,Toshiba,Notebook
160,Asus,Notebook
161,Acer,Notebook
162,Dell,Notebook
163,Lenovo,Gaming
164,Acer,Notebook
165,MSI,Gaming
166,Acer,Notebook
167,Dell,Gaming
168,Acer,Notebook
169,HP,Notebook
170,Huawei,Ultrabook
171,HP,Notebook
172,Lenovo,Notebook
173,Toshiba,Notebook
174,HP,Notebook
175,Dell,Notebook
176,Acer,Notebook
177,MSI,Gaming
178,Lenovo,Notebook
179,HP,2 in 1 Convertible
180,Dell,Notebook
181,Dell,Ultrabook
182,Lenovo,2 in 1 Convertible
183,Toshiba,Notebook
184,Xiaomi,Notebook
185,Dell,Notebook
186,Dell,Notebook
187,Lenovo,Gaming
188,Acer,Ultrabook
189,Dell,Notebook
190,Lenovo,2 in 1 Convertible
191,Vero,Notebook
192,Xiaomi,Ultrabook
193,Lenovo,Notebook
194,Dell,2 in 1 Convertible
195,HP,Notebook
196,Razer,Gaming
197,HP,Notebook
198,HP,Gaming
199,HP,Notebook
200,Dell,Gaming
201,Lenovo,Notebook
202,Acer,Notebook
203,Lenovo,Gaming
204,Dell,Workstation
205,Lenovo,Gaming
206,Dell,Notebook
207,Dell,Ultrabook
208,Dell,Ultrabook
209,Lenovo,Notebook
210,Acer,Notebook
211,Asus,Gaming
212,HP,Notebook
213,Lenovo,Notebook
214,Huawei,Ultrabook
215,Dell,Ultrabook
216,Lenovo,Notebook
217,HP,Notebook
218,Dell,Ultrabook
219,Dell,2 in 1 Convertible
220,Dell,Notebook
221,Lenovo,2 in 1 Convertible
222,Toshiba,Ultrabook
223,HP,Notebook
224,Dell,Gaming
225,Acer,Notebook
226,Dell,Notebook
227,Asus,Notebook
228,Asus,Notebook
229,HP,Notebook
230,Asus,Notebook
231,HP,Notebook
232,Lenovo,Gaming
233,Dell,Notebook
234,Acer,2 in 1 Convertible
235,Dell,Notebook
236,Acer,Notebook
237,Asus,Notebook
238,Asus,Gaming
239,Acer,Gaming
240,Lenovo,Notebook
241,Asus,Notebook
242,Asus,Notebook
243,Dell,Gaming
244,Lenovo,2 in 1 Convertible
245,Dell,Notebook
246,HP,Notebook
247,Asus,Gaming
248,HP,Notebook
249,Apple,Ultrabook
250,Dell,2 in 1 Convertible
251,Asus,Gaming
252,Asus,Notebook
253,Lenovo,2 in 1 Convertible
254,Acer,Notebook
255,Dell,Ultrabook
256,HP,Notebook
257,HP,Notebook
258,MSI,Gaming
259,Lenovo,2 in 1 Convertible
260,Dell,Notebook
261,Lenovo,Notebook
262,HP,Notebook
263,Dell,Notebook
264,Dell,Notebook
265,Dell,2 in 1 Convertible
266,Asus,2 in 1 Convertible
267,Lenovo,Notebook
268,HP,Notebook
269,Lenovo,Notebook
270,Apple,Ultrabook
271,Asus,Gaming
272,Dell,Notebook
273,Lenovo,2 in 1 Convertible
274,Toshiba,Notebook
275,Dell,Notebook
276,Dell,Notebook
277,Acer,Notebook
278,Lenovo,Notebook
279,Lenovo,Notebook
280,Lenovo,Notebook
281,Dell,Notebook
282,Lenovo,Gaming
283,Lenovo,Notebook
284,Acer,Notebook
285,Acer,Notebook
286,Lenovo,Notebook
287,Asus,Ultrabook
288,Lenovo,Gaming
289,Lenovo,Notebook
290,Acer,Notebook
291,Asus,Gaming
292,HP,Notebook
293,Dell,Notebook
294,Lenovo,Notebook
295,Lenovo,Gaming
296,Acer,Notebook
297,Dell,Workstation
298,Lenovo,Notebook
299,Asus,Ultrabook
300,Asus,Notebook
301,Asus,Gaming
302,Lenovo,Notebook
303,Lenovo,Notebook
304,Asus,Gaming
305,Lenovo,Notebook
306,HP,2 in 1 Convertible
307,Toshiba,Notebook
308,Lenovo,Notebook
309,HP,Notebook
310,Lenovo,Notebook
311,Dell,Ultrabook
312,MSI,Gaming
313,Acer,Notebook
314,Asus,2 in 1 Convertible
315,Dell,Notebook
316,HP,2 in 1 Convertible
317,Lenovo,Notebook
318,HP,Notebook
319,Acer,Notebook
320,HP,Notebook
321,Lenovo,Notebook
322,Asus,Notebook
323,HP,Notebook
324,Acer,Notebook
325,Lenovo,Notebook
326,Acer,Notebook
327,Asus,Ultrabook
328,HP,Ultrabook
329,Dell,Notebook
330,MSI,Gaming
331,Toshiba,Notebook
332,Asus,Notebook
333,Lenovo,Notebook
334,Asus,Gaming
335,HP,Notebook
336,Dell,Ultrabook
337,HP,Notebook
338,Asus,Notebook
339,Dell,Notebook
340,Dell,Notebook
341,Lenovo,Notebook
342,HP,Notebook
343,Lenovo,2 in 1 Convertible
344,Dell,Ultrabook
345,Lenovo,Gaming
346,HP,Notebook
347,Dell,Ultrabook
348,Asus,2 in 1 Convertible
349,Dell,Ultrabook
350,Dell,Notebook
351,HP,Notebook
352,MSI,Gaming
353,HP,Workstation
354,Toshiba,Notebook
355,Dell,Notebook
356,Lenovo,Notebook
357,Dell,Gaming
358,Dell,Notebook
359,Dell,Notebook
360,HP,Notebook
361,Asus,Notebook
362,Lenovo,Notebook
363,HP,Notebook
364,Lenovo,Notebook
365,HP,Notebook
366,Dell,Notebook
367,Lenovo,Gaming
368,Dell,Notebook
369,HP,Ultrabook
370,Asus,2 in 1 Convertible
371,Acer,Notebook
372,Asus,Gaming
373,Lenovo,Notebook
374,Dell,2 in 1 Convertible
375,HP,Notebook
376,Lenovo,Netbook
377,Dell,Notebook
378,Asus,Notebook
379,Acer,Notebook
380,HP,Gaming
381,Lenovo,Notebook
382,Asus,Gaming
383,Lenovo,Notebook
384,Asus,Ultrabook
385,Lenovo,Ultrabook
386,Lenovo,Notebook
387,Dell,Workstation
388,Dell,Workstation
389,Lenovo,2 in 1 Convertible
390,Asus,Gaming
391,Asus,Gaming
392,Acer,Notebook
393,MSI,Gaming
394,Dell,Notebook
395,HP,Ultrabook
396,Lenovo,Notebook
397,Lenovo,Notebook
398,Dell,Workstation
399,Lenovo,Ultrabook
400,Lenovo,Notebook
401,Asus,Gaming
402,Lenovo,Notebook
403,Acer,Notebook
404,MSI,Gaming
405,Asus,Ultrabook
406,Toshiba,Ultrabook
407,Dell,Ultrabook
408,Lenovo,Notebook
409,Lenovo,Notebook
410,Lenovo,Workstation
411,Lenovo,Ultrabook
412,HP,Notebook
413,Acer,2 in 1 Convertible
414,Asus,2 in 1 Convertible
415,Dell,Notebook
416,Dell,Notebook
417,HP,Ultrabook
418,Dell,Notebook
419,Lenovo,Ultrabook
420,Lenovo,2 in 1 Convertible
421,Chuwi,Notebook
422,HP,Notebook
423,Asus,Notebook
424,Dell,Gaming
425,Dell,Gaming
426,Dell,Notebook
427,Dell,Ultrabook
428,HP,Gaming
429,Mediacom,2 in 1 Convertible
430,Samsung,Netbook
431,Lenovo,Notebook
432,Lenovo,Notebook
433,Lenovo,Workstation
434,Lenovo,Notebook
435,Asus,Gaming
436,HP,Notebook
437,Google,Ultrabook
438,Lenovo,Ultrabook
439,Asus,Notebook
440,Lenovo,Notebook
441,Dell,Notebook
442,Lenovo,Ultrabook
443,Lenovo,Notebook
444,HP,Gaming
445,Dell,Notebook
446,Acer,Notebook
447,Dell,Workstation
448,MSI,Gaming
449,Microsoft,Ultrabook
450,HP,Notebook
451,Dell,Workstation
452,HP,Workstation
453,Lenovo,Notebook
454,Dell,Notebook
455,Dell,2 in 1 Convertible
456,Dell,Notebook
457,Microsoft,Ultrabook
458,Microsoft,Ultrabook
459,HP,Notebook
460,Acer,Notebook
461,Acer,Netbook
462,Asus,Notebook
463,Lenovo,Notebook
464,Lenovo,Notebook
465,Asus,Notebook
466,Acer,Notebook
467,Dell,Notebook
468,HP,Gaming
469,Lenovo,Ultrabook
470,HP,2 in 1 Convertible
471,HP,Notebook
472,Google,Ultrabook
473,Dell,Ultrabook
474,Asus,Notebook
475,Dell,Notebook
476,Dell,Workstation
477,Lenovo,Notebook
478,Dell,Notebook
479,Toshiba,Notebook
480,Dell,Notebook
481,Dell,Notebook
482,HP,Notebook
483,Chuwi,Notebook
484,Lenovo,Notebook
485,Lenovo,Notebook
486,Dell,Workstation
487,Dell,Notebook
488,Lenovo,Ultrabook
489,Asus,Ultrabook
490,Lenovo,Notebook
491,Toshiba,Ultrabook
492,Asus,Gaming
493,Acer,Notebook
494,Asus,Gaming
495,Lenovo,Ultrabook
496,Lenovo,Notebook
497,HP,Notebook
498,Lenovo,Notebook
499,Lenovo,Notebook
500,Asus,Netbook
501,HP,Notebook
502,Lenovo,2 in 1 Convertible
503,Lenovo,Notebook
504,Lenovo,Netbook
505,Lenovo,Notebook
506,Asus,Notebook
507,Acer,Notebook
508,HP,Ultrabook
509,Lenovo,Gaming
510,Dell,Ultrabook
511,Acer,Notebook
512,Dell,Notebook
513,Dell,Notebook
514,Xiaomi,Notebook
515,Asus,Netbook
516,HP,Notebook
517,Asus,Gaming
518,HP,Notebook
519,Asus,Gaming
520,Lenovo,Gaming
521,HP,Ultrabook
522,Dell,Notebook
523,HP,Notebook
524,Dell,Notebook
525,Lenovo,Notebook
526,Lenovo,Notebook
527,Lenovo,Notebook
528,Dell,Notebook
529,Dell,Notebook
530,Dell,Gaming
531,Toshiba,Notebook
532,Asus,Notebook
533,Mediacom,Notebook
534,Asus,Gaming
535,Dell,Notebook
536,Dell,Notebook
537,HP,Notebook
538,HP,Gaming
539,Lenovo,Notebook
540,Dell,Ultrabook
541,Dell,Notebook
542,HP,Ultrabook
543,Acer,Gaming
544,Asus,Notebook
545,HP,Notebook
546,Lenovo,Notebook
547,Lenovo,Notebook
548,HP,Notebook
549,Lenovo,Notebook
550,Lenovo,Notebook
551,Dell,Notebook
552,Dell,Gaming
553,HP,Notebook
554,HP,Notebook
555,Asus,Notebook
556,Mediacom,Notebook
557,Lenovo,Notebook
558,HP,Notebook
559,Dell,Notebook
560,Acer,2 in 1 Convertible
561,Lenovo,Notebook
562,HP,Ultrabook
563,Lenovo,Notebook
564,Asus,Notebook
565,Dell,Ultrabook
566,Dell,Notebook
567,Fujitsu,Notebook
568,Lenovo,Notebook
569,Lenovo,Notebook
570,HP,Workstation
571,HP,Notebook
572,HP,Notebook
573,Lenovo,Notebook
574,Lenovo,Notebook
575,Mediacom,Notebook
576,Toshiba,Ultrabook
577,Lenovo,Gaming
578,MSI,Gaming
579,Dell,Notebook
580,Mediacom,Notebook
581,Dell,Notebook
582,HP,Notebook
583,Dell,Notebook
584,Dell,Netbook
585,MSI,Gaming
586,HP,Gaming
587,Lenovo,Ultrabook
588,Lenovo,Notebook
589,Asus,Gaming
590,Asus,2 in 1 Convertible
591,Lenovo,Notebook
592,Dell,2 in 1 Convertible
593,Samsung,Notebook
594,Lenovo,Notebook
595,Lenovo,Notebook
596,Lenovo,2 in 1 Convertible
597,Lenovo,Notebook
598,Dell,2 in 1 Convertible
599,Dell,Workstation
600,HP,Notebook
601,HP,Notebook
602,Acer,Notebook
603,MSI,Gaming
604,Dell,Notebook
605,MSI,Gaming
606,Toshiba,Notebook
607,Lenovo,Notebook
608,Lenovo,2 in 1 Convertible
609,Acer,Notebook
610,Lenovo,Notebook
611,Dell,Gaming
612,Dell,Notebook
613,Dell,Notebook
614,Dell,Notebook
615,Asus,Gaming
616,Dell,Notebook
617,HP,Ultrabook
618,MSI,Gaming
619,Acer,2 in 1 Convertible
620,HP,Notebook
621,Lenovo,Notebook
622,Dell,Notebook
623,Fujitsu,Notebook
624,HP,Notebook
625,Lenovo,Notebook
626,Mediacom,Notebook
627,Lenovo,Notebook
628,Asus,2 in 1 Convertible
629,Dell,Notebook
630,Asus,Ultrabook
631,Dell,Gaming
632,Lenovo,Notebook
633,Lenovo,Notebook
634,Asus,Notebook
635,Asus,Notebook
636,Dell,Ultrabook
637,Lenovo,Notebook
638,Lenovo,2 in 1 Convertible
639,Dell,Notebook
640,Lenovo,Gaming
641,HP,Notebook
642,Lenovo,Ultrabook
643,Asus,Gaming
644,Acer,Notebook
645,Lenovo,Notebook
646,Acer,Ultrabook
647,Razer,Gaming
648,Toshiba,Notebook
649,Lenovo,Ultrabook
650,Asus,Gaming
651,Acer,Gaming
652,Dell,Ultrabook
653,MSI,Gaming
654,HP,Notebook
655,Toshiba,Notebook
656,Dell,Notebook
657,Dell,Notebook
658,Lenovo,Gaming
659,Dell,Gaming
660,Dell,Notebook
661,Lenovo,Notebook
662,Lenovo,Notebook
663,HP,Notebook
664,MSI,Gaming
665,Toshiba,Notebook
666,Dell,Notebook
667,HP,Notebook
668,Toshiba,Notebook
669,Acer,Notebook
670,Microsoft,Ultrabook
671,Lenovo,Notebook
672,Lenovo,2 in 1 Convertible
673,Lenovo,Notebook
674,HP,2 in 1 Convertible
675,MSI,Gaming
676,Asus,Ultrabook
677,HP,2 in 1 Convertible
678,LG,Ultrabook
679,Acer,Gaming
680,MSI,Gaming
681,Asus,Notebook
682,Dell,Gaming
683,HP,Notebook
684,Lenovo,2 in 1 Convertible
685,Dell,Gaming
686,HP,Notebook
687,Dell,Notebook
688,HP,Notebook
689,Lenovo,Notebook
690,Acer,Notebook
691,Lenovo,Notebook
692,HP,Workstation
693,Lenovo,2 in 1 Convertible
694,Toshiba,Notebook
695,Acer,Netbook
696,Lenovo,2 in 1 Convertible
697,Asus,2 in 1 Convertible
698,Toshiba,Ultrabook
699,HP,Notebook
700,Dell,Gaming
701,Lenovo,Notebook
702,Lenovo,Notebook
703,Lenovo,Notebook
704,Lenovo,Notebook
705,Dell,Notebook
706,Acer,2 in 1 Convertible
707,Lenovo,Workstation
708,Lenovo,Notebook
709,HP,Notebook
710,Lenovo,Gaming
711,Dell,Notebook
712,Dell,Notebook
713,Asus,Notebook
714,Dell,Notebook
715,Lenovo,Notebook
716,Dell,Notebook
717,Lenovo,Notebook
718,Mediacom,Notebook
719,HP,Notebook
720,Lenovo,Ultrabook
721,HP,2 in 1 Convertible
722,Lenovo,Ultrabook
723,Dell,Gaming
724,MSI,Gaming
725,Lenovo,Notebook
726,Dell,Notebook
727,Dell,2 in 1 Convertible
728,Dell,Notebook
729,HP,Notebook
730,Acer,Gaming
731,Dell,Notebook
732,HP,Notebook
733,Acer,Notebook
734,Lenovo,Notebook
735,Lenovo,Notebook
736,HP,Workstation
737,Dell,2 in 1 Convertible
738,MSI,Gaming
739,Acer,Notebook
740,Dell,Notebook
741,Dell,Notebook
742,Toshiba,Notebook
743,Lenovo,2 in 1 Convertible
744,Lenovo,Workstation
745,Acer,Notebook
746,Samsung,Ultrabook
747,HP,Notebook
748,Dell,Notebook
749,HP,Workstation
750,Lenovo,Netbook
751,HP,Notebook
752,Asus,Notebook
753,Lenovo,Ultrabook
754,Asus,Notebook
755,Lenovo,2 in 1 Convertible
756,HP,Notebook
757,HP,Workstation
758,Dell,Gaming
759,Acer,Notebook
760,Lenovo,Gaming
761,Dell,Ultrabook
762,Google,Ultrabook
763,Asus,Ultrabook
764,Dell,Notebook
765,Acer,Notebook
766,Asus,Notebook
767,Dell,Gaming
768,Samsung,Ultrabook
769,Acer,Notebook
770,Dell,Notebook
771,Samsung,2 in 1 Convertible
772,Toshiba,Notebook
773,Dell,Gaming
774,HP,Ultrabook
775,Asus,2 in 1 Convertible
776,Lenovo,Notebook
777,Acer,Notebook
778,Razer,Gaming
779,Asus,Notebook
780,Dell,Gaming
781,Asus,Gaming
782,Toshiba,Ultrabook
783,Lenovo,Notebook
784,Lenovo,Ultrabook
785,MSI,Gaming
786,MSI,Gaming
787,Lenovo,Gaming
788,Acer,Gaming
789,Dell,Gaming
790,Asus,Gaming
791,Vero,Notebook
792,Lenovo,2 in 1 Convertible
793,Lenovo,2 in 1 Convertible
794,Apple,Ultrabook
795,Lenovo,2 in 1 Convertible
796,Asus,Notebook
797,Dell,Notebook
798,Lenovo,2 in 1 Convertible
799,Dell,Notebook
800,HP,Workstation
801,Asus,Notebook
802,Dell,Ultrabook
803,Dell,Notebook
804,Dell,Netbook
805,HP,Netbook
806,Toshiba,Notebook
807,HP,Notebook
808,Dell,Gaming
809,Lenovo,Notebook
810,HP,Gaming
811,MSI,Gaming
812,Samsung,Ultrabook
813,Dell,Notebook
814,Dell,Notebook
815,Lenovo,Ultrabook
816,Razer,Ultrabook
817,HP,Netbook
818,Dell,Gaming
819,Dell,Notebook
820,Lenovo,Notebook
821,Toshiba,Ultrabook
822,Lenovo,Ultrabook
823,MSI,Gaming
824,Lenovo,Ultrabook
825,Toshiba,Notebook
826,Asus,2 in 1 Convertible
827,Dell,Notebook
828,Acer,Netbook
829,Acer,Notebook
830,Razer,Gaming
831,Lenovo,Ultrabook
832,Asus,Notebook
833,Lenovo,Notebook
834,Lenovo,Notebook
835,Dell,Gaming
836,Asus,Gaming
837,Toshiba,Notebook
838,Lenovo,Notebook
839,Asus,Notebook
840,Asus,Gaming
841,Dell,Gaming
842,HP,Notebook
843,Dell,Notebook
844,HP,Ultrabook
845,Dell,Notebook
846,HP,2 in 1 Convertible
847,Asus,Ultrabook
848,HP,2 in 1 Convertible
849,HP,Ultrabook
850,HP,Notebook
851,Asus,Gaming
852,Dell,Notebook
853,Lenovo,Ultrabook
854,Asus,Notebook
855,Dell,Notebook
856,Asus,Notebook
857,HP,2 in 1 Convertible
858,Dell,Notebook
859,Lenovo,Notebook
860,Lenovo,Notebook
861,HP,Notebook
862,Toshiba,Notebook
863,Lenovo,Gaming
864,Dell,Ultrabook
865,HP,Notebook
866,Toshiba,Ultrabook
867,Lenovo,2 in 1 Convertible
868,Acer,Notebook
869,Dell,Workstation
870,Lenovo,Notebook
871,Lenovo,Notebook
872,Toshiba,Notebook
873,Lenovo,Notebook
874,Samsung,Ultrabook
875,Dell,Ultrabook
876,Asus,Notebook
877,Xiaomi,Ultrabook
878,Dell,Notebook
879,HP,Notebook
880,HP,2 in 1 Convertible
881,HP,2 in 1 Convertible
882,Asus,Notebook
883,Lenovo,Notebook
884,Dell,Notebook
885,HP,2 in 1 Convertible
886,Dell,Notebook
887,Asus,Gaming
888,Acer,Netbook
889,Lenovo,Notebook
890,HP,Notebook
891,HP,2 in 1 Convertible
892,Samsung,Ultrabook
893,Lenovo,Ultrabook
894,MSI,Gaming
895,Toshiba,Notebook
896,Dell,Gaming
897,HP,Notebook
898,Dell,Notebook
899,Dell,Notebook
900,Dell,2 in 1 Convertible
901,Asus,Gaming
902,Dell,2 in 1 Convertible
903,Lenovo,Ultrabook
904,Lenovo,Notebook
905,LG,Ultrabook
906,HP,Netbook
907,Acer,Notebook
908,Lenovo,Notebook
909,LG,Ultrabook
910,Dell,Notebook
911,HP,Ultrabook
912,Lenovo,Notebook
913,HP,Notebook
914,Acer,Notebook
915,Lenovo,Notebook
916,HP,Notebook
917,MSI,Gaming
918,Dell,Gaming
919,MSI,Gaming
920,Dell,Notebook
921,HP,Ultrabook
922,HP,Ultrabook
923,Toshiba,Notebook
924,Lenovo,2 in 1 Convertible
925,Dell,Notebook
926,Lenovo,Ultrabook
927,HP,Notebook
928,Dell,Notebook
929,HP,Notebook
930,Lenovo,Notebook
931,HP,Ultrabook
932,HP,Notebook
933,Lenovo,2 in 1 Convertible
934,Toshiba,Notebook
935,HP,Netbook
936,Dell,Notebook
937,MSI,Gaming
938,Dell,Ultrabook
939,Dell,Gaming
940,HP,Gaming
941,Asus,Notebook
942,Acer,Notebook
943,Toshiba,Notebook
944,Lenovo,2 in 1 Convertible
945,Lenovo,Gaming
946,Dell,Ultrabook
947,Lenovo,Notebook
948,Dell,Notebook
949,Acer,Notebook
950,HP,Workstation
951,Dell,Ultrabook
952,Toshiba,Notebook
953,Asus,2 in 1 Convertible
954,Lenovo,Ultrabook
955,Dell,Gaming
956,Dell,2 in 1 Convertible
957,HP,2 in 1 Convertible
958,Dell,Ultrabook
959,Acer,2 in 1 Convertible
960,Toshiba,Notebook
961,Lenovo,Ultrabook
962,Acer,Notebook
963,Toshiba,Ultrabook
964,HP,Notebook
965,Dell,Notebook
966,Dell,Notebook
967,HP,Notebook
968,Dell,Gaming
969,Lenovo,Notebook
970,Dell,2 in 1 Convertible
971,Dell,Ultrabook
972,Dell,Gaming
973,Toshiba,Notebook
974,Asus,Gaming
975,HP,Notebook
976,Lenovo,Notebook
977,Asus,2 in 1 Convertible
978,HP,Notebook
979,Asus,Gaming
980,Dell,2 in 1 Convertible
981,Toshiba,Notebook
982,Lenovo,Notebook
983,Fujitsu,Notebook
984,Toshiba,Notebook
985,Dell,Notebook
986,HP,Notebook
987,Lenovo,Gaming
988,Dell,Notebook
989,Dell,Notebook
990,HP,Netbook
991,HP,Notebook
992,Lenovo,Notebook
993,Lenovo,Notebook
994,Dell,2 in 1 Convertible
995,Asus,Notebook
996,HP,Ultrabook
997,Acer,Notebook
998,Asus,Gaming
999,HP,Ultrabook
1000,Acer,Gaming
1001,HP,Notebook
1002,Dell,Notebook
1003,HP,Notebook
1004,Toshiba,Notebook
1005,HP,Notebook
1006,HP,Notebook
1007,HP,Ultrabook
1008,HP,Notebook
1009,HP,Notebook
1010,Dell,Gaming
1011,HP,Ultrabook
1012,HP,Notebook
1013,HP,Ultrabook
1014,HP,Notebook
1015,Toshiba,Notebook
1016,HP,Notebook
1017,Lenovo,Notebook
1018,Toshiba,Notebook
1019,HP,Notebook
1020,Dell,2 in 1 Convertible
1021,Toshiba,Ultrabook
1022,HP,Notebook
1023,HP,Notebook
1024,Dell,Notebook
1025,HP,Ultrabook
1026,HP,Notebook
1027,HP,Notebook
1028,Dell,Ultrabook
1029,HP,Notebook
1030,HP,Notebook
1031,Acer,Notebook
1032,MSI,Gaming
1033,HP,Notebook
1034,HP,Notebook
1035,HP,Ultrabook
1036,HP,Notebook
1037,Toshiba,Ultrabook
1038,Dell,Notebook
1039,HP,Notebook
1040,Lenovo,2 in 1 Convertible
1041,Vero,Notebook
1042,Toshiba,Notebook
1043,Lenovo,Notebook
1044,HP,Notebook
1045,HP,Notebook
1046,HP,Notebook
1047,MSI,Gaming
1048,Lenovo,Gaming
1049,Asus,Netbook
1050,Lenovo,Notebook
1051,HP,Notebook
1052,Dell,2 in 1 Convertible
1053,HP,Notebook
1054,Dell,Ultrabook
1055,HP,Notebook
1056,HP,Notebook
1057,Acer,Notebook
1058,Dell,2 in 1 Convertible
1059,MSI,Gaming
1060,HP,Notebook
1061,Asus,Gaming
1062,Dell,Notebook
1063,Dell,Notebook
1064,MSI,Gaming
1065,Dell,Ultrabook
1066,Asus,Gaming
1067,Dell,2 in 1 Convertible
1068,Dell,Gaming
1069,Apple,Ultrabook
1070,Dell,Notebook
1071,HP,Notebook
1072,HP,Ultrabook
1073,HP,Notebook
1074,Lenovo,Ultrabook
1075,Lenovo,Notebook
1076,Lenovo,Notebook
1077,MSI,Gaming
1078,Lenovo,Notebook
1079,HP,Notebook
1080,Lenovo,Ultrabook
1081,Lenovo,Gaming
1082,Lenovo,2 in 1 Convertible
1083,HP,Ultrabook
1084,Dell,Notebook
1085,HP,Notebook
1086,HP,Workstation
1087,Lenovo,Notebook
1088,HP,Notebook
1089,Acer,Notebook
1090,Dell,Notebook
1091,HP,Notebook
1092,Asus,Gaming
1093,Dell,Ultrabook
1094,HP,Netbook
1095,Acer,Notebook
1096,Dell,Notebook
1097,MSI,Gaming
1098,HP,Notebook
1099,Asus,Gaming
1100,Dell,Ultrabook
1101,Dell,Ultrabook
1102,Acer,Notebook
1103,HP,Workstation
1104,Lenovo,Gaming
1105,Dell,Ultrabook
1106,MSI,Gaming
1107,Lenovo,2 in 1 Convertible
1108,HP,Notebook
1109,Asus,Gaming
1110,HP,Notebook
1111,Dell,Notebook
1112,Lenovo,Notebook
1113,HP,Ultrabook
1114,Lenovo,2 in 1 Convertible
1115,Dell,Ultrabook
1116,Lenovo,Gaming
1117,Razer,Ultrabook
1118,Toshiba,Ultrabook
1119,Asus,Gaming
1120,Vero,Notebook
1121,HP,Notebook
1122,HP,Notebook
1123,Dell,Notebook
1124,Asus,Notebook
1125,Lenovo,2 in 1 Convertible
1126,Lenovo,2 in 1 Convertible
1127,HP,Ultrabook
1128,Lenovo,Gaming
1129,HP,Gaming
1130,HP,Notebook
1131,Lenovo,2 in 1 Convertible
1132,Asus,Notebook
1133,HP,Ultrabook
1134,Acer,Notebook
1135,Lenovo,Notebook
1136,HP,Workstation
1137,Dell,Notebook
1138,MSI,Gaming
1139,HP,Ultrabook
1140,Lenovo,2 in 1 Convertible
1141,MSI,Gaming
1142,HP,2 in 1 Convertible
1143,HP,Workstation
1144,HP,2 in 1 Convertible
1145,HP,Workstation
1146,HP,Ultrabook
1147,Dell,Notebook
1148,HP,Notebook
1149,Lenovo,2 in 1 Convertible
1150,Lenovo,Notebook
1151,HP,Notebook
1152,Lenovo,Notebook
1153,Dell,Gaming
1154,Dell,Notebook
1155,HP,Notebook
1156,MSI,Gaming
1157,Lenovo,Ultrabook
1158,Lenovo,Notebook
1159,HP,2 in 1 Convertible
1160,Lenovo,Ultrabook
1161,MSI,Gaming
1162,HP,Gaming
1163,Lenovo,Notebook
1164,HP,Notebook
1165,Dell,Gaming
1166,Lenovo,Notebook
1167,Lenovo,Notebook
1168,HP,Notebook
1169,MSI,Gaming
1170,HP,Notebook
1171,HP,Notebook
1172,Asus,Notebook
1173,Lenovo,Notebook
1174,Lenovo,Notebook
1175,Asus,Notebook
1176,Lenovo,Notebook
1177,Lenovo,Gaming
1178,MSI,Gaming
1179,HP,Notebook
1180,Lenovo,2 in 1 Convertible
1181,Lenovo,Ultrabook
1182,Dell,Notebook
1183,Acer,Notebook
1184,HP,Notebook
1185,Asus,Gaming
1186,Dell,2 in 1 Convertible
1187,Acer,Notebook
1188,Dell,Ultrabook
1189,Acer,Gaming
1190,Lenovo,Gaming
1191,Samsung,2 in 1 Convertible
1192,HP,Notebook
1193,Apple,Ultrabook
1194,Dell,2 in 1 Convertible
1195,HP,Notebook
1196,Lenovo,Notebook
1197,Asus,Gaming
1198,Acer,Notebook
1199,MSI,Gaming
1200,Dell,Notebook
1201,Lenovo,Notebook
1202,Dell,2 in 1 Convertible
1203,Dell,Ultrabook
1204,Asus,Gaming
1205,Dell,Notebook
1206,HP,Notebook
1207,Lenovo,Notebook
1208,Acer,Notebook
1209,Asus,Gaming
1210,Apple,Ultrabook
1211,Asus,Notebook
1212,MSI,Gaming
1213,Dell,2 in 1 Convertible
1214,Asus,Gaming
1215,Acer,Netbook
1216,Acer,Notebook
1217,Lenovo,Notebook
1218,Lenovo,Gaming
1219,Acer,2 in 1 Convertible
1220,Lenovo,Notebook
1221,MSI,Gaming
1222,HP,Notebook
1223,Dell,Ultrabook
1224,Dell,2 in 1 Convertible
1225,Asus,Notebook
1226,Dell,Ultrabook
1227,Dell,Notebook
1228,Lenovo,Gaming
1229,MSI,Gaming
1230,Lenovo,Netbook
1231,Razer,Gaming
1232,Dell,Notebook
1233,MSI,Gaming
1234,Apple,Ultrabook
1235,HP,Notebook
1236,HP,Ultrabook
1237,Dell,Notebook
1238,MSI,Gaming
1239,Lenovo,Notebook
1240,Lenovo,Notebook
1241,Asus,Ultrabook
1242,Acer,Notebook
1243,Dell,2 in 1 Convertible
1244,HP,Notebook
1245,Asus,Gaming
1246,Dell,Notebook
1247,Asus,Gaming
1248,Lenovo,Notebook
1249,Dell,2 in 1 Convertible
1250,Dell,Notebook
1251,HP,Notebook
1252,Lenovo,Notebook
1253,Lenovo,Notebook
1254,Dell,Notebook
1255,Asus,Notebook
1256,Asus,Gaming
1257,Dell,Notebook
1258,Lenovo,Notebook
1259,MSI,Gaming
1260,Lenovo,2 in 1 Convertible
1261,Asus,Ultrabook
1262,Dell,Notebook
1263,Acer,Notebook
1264,Dell,Notebook
1265,Lenovo,Notebook
1266,HP,Notebook
1267,Dell,Notebook
1268,HP,Netbook
1269,Asus,Notebook
1270,Lenovo,2 in 1 Convertible
1271,Lenovo,2 in 1 Convertible
1272,Lenovo,Notebook
1273,HP,Notebook
1274,Asus,Notebook
1275,Asus,Ultrabook
1276,Dell,Notebook
1277,Acer,Notebook
1278,Dell,Notebook
1279,Lenovo,Notebook
1280,HP,Notebook
1281,Dell,Notebook
1282,HP,Netbook
1283,Asus,Notebook
1284,Lenovo,2 in 1 Convertible
1285,Lenovo,2 in 1 Convertible
1286,Lenovo,Notebook
1287,HP,Notebook
1288,Asus,Notebook
1289,Asus,Ultrabook
1290,Dell,Notebook
1291,Acer,Notebook
1292,Dell,Notebook
1293,Lenovo,Notebook
1294,HP,Notebook
1295,Dell,Notebook
1296,HP,Netbook
1297,Asus,Notebook
1298,Lenovo,2 in 1 Convertible
1299,Lenovo,2 in 1 Convertible
1300,Lenovo,Notebook
1301,HP,Notebook
1302,Asus,Notebook
